deposit_id,external_transaction_id,internal_amount,psp_amount,internal_status,psp_status,payment_method,created_at,psp,duplicado,difference_type,notes
D00001,TXN-1001,0,0,UNKNOWN,SUCCESSFUL,SPEI,2026-04-06T00:00:00,InternalWallet,1,STATUS_MISMATCH ,Es posible que el STATUS interno este pediente de actualizar
D00002,TXN-1002,995.56,199,SUCCESSFUL,FAILED,OXXO,2026-05-03T15:07:00,Conekta,1,STATUS_MISMATCH ,STATUS y AMOUNT no corresponde
D00003,TXN-1003,4451.37,,FAILED,,CARD,2026-04-16T17:48:00,InternalWallet,1,MISSING_IN_PSP,
D00004,TXN-1004,210.04,210.04,FAILED,FAILED,OXXO,2026-04-08T00:00:00,Conekta,1,OK,
D00005,TXN-1005,243.92,999,SUCCESSFUL,PENDING,SPEI,2026-04-01T13:28:00,InternalWallet,1,STATUS_MISMATCH ,STATUS y AMOUNT no corresponde
D00006,TXN-1006,676.73,,SUCCESSFUL,,OXXO,2026-06-20T00:00:00,Stripe,1,MISSING_IN_PSP,
D00007,TXN-1007,1019.69,1019.69,FAILED,FAILED,UNKNOWN,2026-06-16T23:52:00,InternalWallet,1,OK,
D00008,TXN-1008,0,,SUCCESSFUL,,WALLET,2026-06-16T01:56:00,OxxoPSP,1,MISSING_IN_PSP,
D00009,TXN-1009,179.82,,UNKNOWN,,CARD,2026-04-23T00:00:00,Bitso,1,MISSING_IN_PSP,
D00010,TXN-1010,319.51,,UNKNOWN,,CRYPTO,2026-04-14T00:00:00,Bitso,1,MISSING_IN_PSP,
D00011,TXN-1011,0,,UNKNOWN,,CRYPTO,2026-05-22T16:52:00,Stripe,1,MISSING_IN_PSP,
D00012,TXN-1012,1018.28,1018.28,SUCCESSFUL,FAILED,CRYPTO,2026-06-10T00:00:00,Conekta,1,STATUS_MISMATCH ,
D00013,TXN-1013,105.91,,FAILED,,UNKNOWN,2026-04-12T00:00:00,Stripe,1,MISSING_IN_PSP,
D00014,TXN-1014,2197.03,,PENDING,,OXXO,2026-06-10T00:00:00,Stripe,1,MISSING_IN_PSP,
D00015,TXN-1015,1375.33,1375.33,PENDING,SUCCESSFUL,CARD,2026-05-07T23:19:00,Stripe,1,STATUS_MISMATCH ,
D00016,TXN-1016,228.48,228.48,PENDING,FAILED,CARD,2026-05-12T00:00:00,InternalWallet,1,STATUS_MISMATCH ,
D00017,TXN-1017,114.97,114.97,SUCCESSFUL,PENDING,CRYPTO,2026-04-05T04:32:00,InternalWallet,1,STATUS_MISMATCH ,
D00018,TXN-1018,524.65,,PENDING,,OXXO,2026-04-20T00:00:00,Stripe,1,MISSING_IN_PSP,
D00019,TXN-1019,359.69,359.69,SUCCESSFUL,PENDING,CARD,2026-04-05T00:00:00,Bitso,1,STATUS_MISMATCH ,
D00020,TXN-1020,474.97,474.97,SUCCESSFUL,FAILED,CRYPTO,2026-04-06T00:00:00,InternalWallet,1,STATUS_MISMATCH ,
D00021,TXN-1021,133.93,133.93,SUCCESSFUL,FAILED,CARD,2026-05-19T00:00:00,Stripe,0,STATUS_MISMATCH ,"Se intento dos veces el pago la primera falló y la segunda lo rechazó, revisar estatus interno"
D00022,TXN-1022,294.82,,SUCCESSFUL,,CARD,2026-05-27T00:00:00,InternalWallet,1,MISSING_IN_PSP,
D00023,TXN-1023,727.83,,UNKNOWN,,WALLET,2026-05-08T00:00:00,Bitso,1,MISSING_IN_PSP,
D00024,TXN-1024,157.69,,FAILED,,WALLET,2026-05-16T00:00:00,Bitso,1,MISSING_IN_PSP,
D00025,TXN-1025,132.05,132.05,FAILED,FAILED,CARD,2026-04-17T00:00:00,OxxoPSP,1,OK,
D00026,TXN-1026,1422.19,1422.19,PENDING,SUCCESSFUL,SPEI,2026-05-08T00:00:00,InternalWallet,1,STATUS_MISMATCH ,
D00027,TXN-1027,310.15,310.15,FAILED,SUCCESSFUL,CARD,2026-04-16T00:00:00,Bitso,1,STATUS_MISMATCH ,Es posible que el STATUS interno este pediente de actualizar
D00028,TXN-1028,1396.51,1396.51,SUCCESSFUL,SUCCESSFUL,CARD,2026-06-18T00:00:00,Bitso,1,OK,
D00029,TXN-1029,143.32,143.32,PENDING,SUCCESSFUL,UNKNOWN,2026-06-03T03:06:00,OxxoPSP,1,STATUS_MISMATCH ,
D00030,TXN-1030,243.93,,FAILED,,CARD,2026-06-23T00:00:00,InternalWallet,1,MISSING_IN_PSP,
D00031,TXN-1031,117.96,,SUCCESSFUL,,OXXO,2026-06-22T00:00:00,Conekta,1,MISSING_IN_PSP,
D00032,TXN-1032,206.91,206.91,SUCCESSFUL,FAILED,SPEI,2026-06-12T06:04:00,Stripe,1,STATUS_MISMATCH ,
D00033,TXN-1033,0,999,FAILED,FAILED,OXXO,2026-04-19T04:34:00,Stripe,1,AMOUNT_MISMATCH ,Error de captura en psp
D00034,TXN-1034,99.05,,SUCCESSFUL,,CRYPTO,2026-04-07T00:00:00,OxxoPSP,1,MISSING_IN_PSP,
D00035,TXN-1035,1841.3,1841.3,UNKNOWN,SUCCESSFUL,OXXO,2026-04-06T00:00:00,Bitso,1,STATUS_MISMATCH ,Es posible que el STATUS interno este pediente de actualizar
D00036,TXN-1036,4296.67,4296.67,PENDING,PENDING,CRYPTO,2026-05-27T00:00:00,OxxoPSP,1,OK,
D00037,TXN-1037,114.11,,PENDING,,CRYPTO,2026-06-04T00:00:00,Conekta,1,MISSING_IN_PSP,
D00038,TXN-1038,740.01,740.01,SUCCESSFUL,PENDING,OXXO,2026-05-29T00:00:00,InternalWallet,1,STATUS_MISMATCH ,
D00039,TXN-1039,2049.35,2049.35,PENDING,SUCCESSFUL,CARD,2026-05-18T04:35:00,Stripe,1,STATUS_MISMATCH ,
D00040,TXN-1040,1770.19,1770.19,PENDING,SUCCESSFUL,SPEI,2026-06-16T09:22:00,Bitso,1,STATUS_MISMATCH ,
D00041,TXN-1041,5227.15,5227.15,FAILED,SUCCESSFUL,OXXO,2026-05-06T00:00:00,OxxoPSP,0,STATUS_MISMATCH ,Falló primer intento de deposito en OXXO
D00042,TXN-1042,153.98,153.98,SUCCESSFUL,SUCCESSFUL,OXXO,2026-05-10T10:22:00,Bitso,1,OK,
D00043,TXN-1043,555.37,555.37,SUCCESSFUL,FAILED,OXXO,2026-05-24T00:00:00,Bitso,1,STATUS_MISMATCH ,
D00044,TXN-1044,1158.81,1158.81,PENDING,FAILED,CRYPTO,2026-05-05T00:00:00,Bitso,1,STATUS_MISMATCH ,
D00045,TXN-1045,191.62,,FAILED,,OXXO,2026-06-15T00:00:00,Conekta,1,MISSING_IN_PSP,
D00046,TXN-1046,142.81,,PENDING,,CRYPTO,2026-04-16T00:00:00,OxxoPSP,1,MISSING_IN_PSP,
D00047,TXN-1047,4808.85,4808.85,PENDING,SUCCESSFUL,SPEI,2026-05-29T00:00:00,Bitso,1,STATUS_MISMATCH ,
D00048,TXN-1048,0,,PENDING,,CARD,2026-06-19T14:53:00,OxxoPSP,1,MISSING_IN_PSP,
D00049,TXN-1049,2106.58,,PENDING,,SPEI,2026-05-14T07:21:00,Stripe,1,MISSING_IN_PSP,
D00050,TXN-1050,87.09,87.09,UNKNOWN,PENDING,CARD,2026-04-19T08:12:00,InternalWallet,1,STATUS_MISMATCH ,Es posible que el STATUS interno este pediente de actualizar
D00051,TXN-1051,1263.06,1263.06,PENDING,FAILED,CRYPTO,2026-06-20T10:09:00,Bitso,1,STATUS_MISMATCH ,
D00052,TXN-1052,104.6,104.6,SUCCESSFUL,SUCCESSFUL,CARD,2026-04-05T00:00:00,OxxoPSP,1,OK,
D00053,TXN-1053,112.44,,SUCCESSFUL,,UNKNOWN,2026-05-31T00:00:00,Bitso,1,MISSING_IN_PSP,
D00054,TXN-1054,286.49,286.49,SUCCESSFUL,FAILED,WALLET,2026-06-07T16:39:00,OxxoPSP,1,STATUS_MISMATCH ,
D00055,TXN-1055,5746.56,5746.56,PENDING,FAILED,CRYPTO,2026-04-13T00:00:00,Conekta,1,STATUS_MISMATCH ,
D00056,TXN-1056,562.64,562.64,SUCCESSFUL,SUCCESSFUL,UNKNOWN,2026-06-30T02:19:00,OxxoPSP,1,OK,
D00057,TXN-1057,589.53,589.53,SUCCESSFUL,SUCCESSFUL,SPEI,2026-04-03T00:00:00,Conekta,1,OK,
D00058,TXN-1058,575.28,575.28,SUCCESSFUL,SUCCESSFUL,CRYPTO,2026-06-09T00:00:00,InternalWallet,1,OK,
D00059,TXN-1059,1253.09,1253.09,FAILED,FAILED,CARD,2026-04-06T00:00:00,Conekta,1,OK,
D00060,TXN-1060,2021.97,1499,SUCCESSFUL,FAILED,SPEI,2026-06-13T00:00:00,OxxoPSP,1,STATUS_MISMATCH ,STATUS y AMOUNT no corresponde
D00061,TXN-1061,250.07,250.07,SUCCESSFUL,FAILED,CARD,2026-06-10T00:00:00,OxxoPSP,0,STATUS_MISMATCH ,"Se intentó dos veces el pago y falló las dos veces, revisar estatus interno"
D00062,TXN-1062,1899.17,,FAILED,,OXXO,2026-05-15T00:00:00,Stripe,1,MISSING_IN_PSP,
D00063,TXN-1063,45.74,45.74,UNKNOWN,FAILED,UNKNOWN,2026-06-23T00:00:00,Conekta,1,STATUS_MISMATCH ,Es posible que el STATUS interno este pediente de actualizar
D00064,TXN-1064,0,0,FAILED,PENDING,SPEI,2026-04-03T00:00:00,Conekta,1,STATUS_MISMATCH ,Es posible que el STATUS interno este pediente de actualizar
D00065,TXN-1065,0,,FAILED,,CRYPTO,2026-06-19T14:04:00,OxxoPSP,1,MISSING_IN_PSP,
D00066,TXN-1066,0,0,SUCCESSFUL,SUCCESSFUL,CARD,2026-04-01T00:00:00,Bitso,1,OK,
D00067,TXN-1067,93.79,,PENDING,,WALLET,2026-05-18T00:00:00,Bitso,1,MISSING_IN_PSP,
D00068,TXN-1068,1430.79,1430.79,SUCCESSFUL,SUCCESSFUL,OXXO,2026-05-14T20:11:00,Conekta,1,OK,
D00069,TXN-1069,301.85,301.85,FAILED,PENDING,CRYPTO,2026-04-06T00:00:00,InternalWallet,1,STATUS_MISMATCH ,Es posible que el STATUS interno este pediente de actualizar
D00070,TXN-1070,924.64,,SUCCESSFUL,,CARD,2026-04-07T00:00:00,Stripe,1,MISSING_IN_PSP,
D00071,TXN-1071,665.26,665.26,FAILED,FAILED,OXXO,2026-06-06T00:00:00,OxxoPSP,1,OK,
D00072,TXN-1072,161.39,161.39,PENDING,FAILED,OXXO,2026-06-24T00:00:00,Stripe,1,STATUS_MISMATCH ,
D00073,TXN-1073,177.17,177.17,SUCCESSFUL,SUCCESSFUL,CRYPTO,2026-06-21T00:00:00,InternalWallet,1,OK,
D00074,TXN-1074,4306.88,4306.88,UNKNOWN,SUCCESSFUL,CARD,2026-05-17T00:00:00,Stripe,1,STATUS_MISMATCH ,Es posible que el STATUS interno este pediente de actualizar
D00075,TXN-1075,54.71,,SUCCESSFUL,,CARD,2026-05-21T00:00:00,OxxoPSP,1,MISSING_IN_PSP,
D00076,TXN-1076,169.81,169.81,UNKNOWN,SUCCESSFUL,CARD,2026-06-18T00:00:00,Conekta,1,STATUS_MISMATCH ,Es posible que el STATUS interno este pediente de actualizar
D00077,TXN-1077,162.71,162.71,PENDING,FAILED,WALLET,2026-06-30T02:35:00,Conekta,1,STATUS_MISMATCH ,
D00078,TXN-1078,2057.82,2057.82,SUCCESSFUL,FAILED,CRYPTO,2026-04-18T00:00:00,Conekta,1,STATUS_MISMATCH ,
D00079,TXN-1079,85.01,85.01,UNKNOWN,PENDING,OXXO,2026-06-01T16:26:00,InternalWallet,1,STATUS_MISMATCH ,Es posible que el STATUS interno este pediente de actualizar
D00080,TXN-1080,800.92,,SUCCESSFUL,,OXXO,2026-06-10T00:00:00,OxxoPSP,1,MISSING_IN_PSP,
D00081,TXN-1081,341.51,341.51,FAILED,FAILED,WALLET,2026-06-30T00:00:00,OxxoPSP,1,OK,
D00082,TXN-1082,130.27,130.27,SUCCESSFUL,PENDING,CRYPTO,2026-04-12T00:00:00,Stripe,1,STATUS_MISMATCH ,
D00083,TXN-1083,0,0,FAILED,SUCCESSFUL,WALLET,2026-06-13T08:41:00,OxxoPSP,1,STATUS_MISMATCH ,Es posible que el STATUS interno este pediente de actualizar
D00084,TXN-1084,43.16,43.16,PENDING,FAILED,CARD,2026-06-27T12:19:00,Conekta,1,STATUS_MISMATCH ,
D00085,TXN-1085,165.64,,FAILED,,OXXO,2026-05-11T00:00:00,Stripe,1,MISSING_IN_PSP,
D00086,TXN-1086,4836.27,4836.27,PENDING,FAILED,OXXO,2026-04-19T00:00:00,Stripe,1,STATUS_MISMATCH ,
D00087,TXN-1087,117.81,,PENDING,,SPEI,2026-05-30T00:00:00,Conekta,1,MISSING_IN_PSP,
D00088,TXN-1088,97.24,97.24,PENDING,FAILED,UNKNOWN,2026-06-23T00:00:00,Stripe,1,STATUS_MISMATCH ,
D00089,TXN-1089,801.36,,SUCCESSFUL,,SPEI,2026-06-11T00:00:00,OxxoPSP,1,MISSING_IN_PSP,
D00090,TXN-1090,5018.25,,SUCCESSFUL,,OXXO,2026-05-14T17:23:00,Bitso,1,MISSING_IN_PSP,
D00091,TXN-1091,4637.06,4637.06,PENDING,FAILED,CRYPTO,2026-04-20T19:57:00,Stripe,1,STATUS_MISMATCH ,
D00092,TXN-1092,534.76,534.76,SUCCESSFUL,PENDING,CRYPTO,2026-06-12T09:30:00,Stripe,1,STATUS_MISMATCH ,
D00093,TXN-1093,1041.85,,SUCCESSFUL,,CRYPTO,2026-06-14T18:14:00,InternalWallet,1,MISSING_IN_PSP,
D00094,TXN-1094,483.76,0,UNKNOWN,FAILED,SPEI,2026-06-29T03:12:00,InternalWallet,1,AMOUNT_MISMATCH ,"STATUS y AMOUNT no corresponde, Es posible que el STATUS este pendiente de actualizar, pero el monto se tiene que revisar"
D00095,TXN-1095,1212.23,1212.23,PENDING,FAILED,OXXO,2026-06-06T06:35:00,InternalWallet,1,STATUS_MISMATCH ,
D00096,TXN-1096,332.54,332.54,PENDING,PENDING,UNKNOWN,2026-04-25T00:00:00,InternalWallet,1,OK,
D00097,TXN-1097,926.64,926.64,FAILED,FAILED,CARD,2026-05-06T00:00:00,Conekta,1,OK,
D00098,TXN-1098,226.24,226.24,SUCCESSFUL,FAILED,CRYPTO,2026-05-27T00:00:00,Stripe,1,STATUS_MISMATCH ,
D00099,TXN-1099,96.53,,SUCCESSFUL,,OXXO,2026-06-25T16:14:00,Conekta,1,MISSING_IN_PSP,
D00100,TXN-1100,0,0,FAILED,PENDING,OXXO,2026-05-31T15:41:00,OxxoPSP,1,STATUS_MISMATCH ,Es posible que el STATUS interno este pediente de actualizar
D00101,TXN-1101,892.15,892.15,SUCCESSFUL,FAILED,UNKNOWN,2026-04-23T00:00:00,Stripe,1,STATUS_MISMATCH ,
D00102,TXN-1102,1995.13,1995.13,FAILED,SUCCESSFUL,CRYPTO,2026-05-13T00:00:00,InternalWallet,1,STATUS_MISMATCH ,Es posible que el STATUS interno este pediente de actualizar
D00103,TXN-1103,558.15,,PENDING,,SPEI,2026-05-29T00:00:00,Conekta,1,MISSING_IN_PSP,
D00104,TXN-1104,0,0,UNKNOWN,FAILED,CARD,2026-06-25T00:00:00,Conekta,1,STATUS_MISMATCH ,Es posible que el STATUS interno este pediente de actualizar
D00105,TXN-1105,0,0,PENDING,SUCCESSFUL,SPEI,2026-06-13T00:16:00,Conekta,1,STATUS_MISMATCH ,
D00106,TXN-1106,148.69,148.69,PENDING,FAILED,CRYPTO,2026-06-21T09:23:00,Stripe,1,STATUS_MISMATCH ,
D00107,TXN-1107,101.02,101.02,SUCCESSFUL,SUCCESSFUL,CARD,2026-06-25T00:00:00,Bitso,1,OK,
D00108,TXN-1108,1015.8,,SUCCESSFUL,,CRYPTO,2026-06-08T04:10:00,InternalWallet,1,MISSING_IN_PSP,
D00109,TXN-1109,1282.93,1282.93,FAILED,PENDING,OXXO,2026-06-05T00:00:00,InternalWallet,1,STATUS_MISMATCH ,Es posible que el STATUS interno este pediente de actualizar
D00110,TXN-1110,0,0,FAILED,PENDING,CARD,2026-04-06T00:00:00,Bitso,1,STATUS_MISMATCH ,Es posible que el STATUS interno este pediente de actualizar
D00111,TXN-1111,1377.42,1377.42,SUCCESSFUL,FAILED,CARD,2026-06-22T13:23:00,Bitso,1,STATUS_MISMATCH ,
D00112,TXN-1112,226.79,226.79,PENDING,FAILED,SPEI,2026-06-08T12:33:00,InternalWallet,1,STATUS_MISMATCH ,
D00113,TXN-1113,81.29,81.29,FAILED,SUCCESSFUL,CRYPTO,2026-05-02T00:00:00,Bitso,1,STATUS_MISMATCH ,Es posible que el STATUS interno este pediente de actualizar
D00114,TXN-1114,219.24,219.24,FAILED,FAILED,SPEI,2026-05-28T00:00:00,OxxoPSP,1,OK,
D00115,TXN-1115,447.38,,FAILED,,WALLET,2026-04-30T00:00:00,OxxoPSP,1,MISSING_IN_PSP,
D00116,TXN-1116,0,0,PENDING,SUCCESSFUL,CARD,2026-06-15T23:58:00,InternalWallet,1,STATUS_MISMATCH ,
D00117,TXN-1117,184.06,184.06,PENDING,FAILED,CARD,2026-05-19T00:00:00,Bitso,1,STATUS_MISMATCH ,
D00118,TXN-1118,0,,SUCCESSFUL,,UNKNOWN,2026-05-02T00:00:00,Conekta,1,MISSING_IN_PSP,
D00119,TXN-1119,1060.27,,FAILED,,SPEI,2026-04-25T00:00:00,Bitso,1,MISSING_IN_PSP,
D00120,TXN-1120,932.84,,UNKNOWN,,SPEI,2026-06-01T07:44:00,InternalWallet,1,MISSING_IN_PSP,
D00121,TXN-1121,1325.58,1325.58,PENDING,FAILED,SPEI,2026-05-17T00:00:00,Stripe,1,STATUS_MISMATCH ,
D00122,TXN-1122,5440.02,99,FAILED,PENDING,SPEI,2026-04-19T00:00:00,Stripe,1,STATUS_MISMATCH ,STATUS y AMOUNT no corresponde
D00123,TXN-1123,1181.2,1181.2,SUCCESSFUL,FAILED,CARD,2026-06-23T21:21:00,Conekta,1,STATUS_MISMATCH ,
D00124,TXN-1124,55.29,,SUCCESSFUL,,WALLET,2026-06-09T20:03:00,Conekta,1,MISSING_IN_PSP,
D00125,TXN-1125,5825.5,5825.5,PENDING,SUCCESSFUL,OXXO,2026-05-29T00:00:00,Bitso,1,STATUS_MISMATCH ,
D00126,TXN-1126,897.97,897.97,SUCCESSFUL,FAILED,OXXO,2026-06-08T00:00:00,Bitso,1,STATUS_MISMATCH ,
D00127,TXN-1127,786.88,786.88,FAILED,SUCCESSFUL,UNKNOWN,2026-05-16T08:50:00,Conekta,1,STATUS_MISMATCH ,Es posible que el STATUS interno este pediente de actualizar
D00128,TXN-1128,0,0,SUCCESSFUL,SUCCESSFUL,CARD,2026-05-19T12:35:00,Stripe,1,OK,
D00129,TXN-1129,347.92,347.92,PENDING,FAILED,OXXO,2026-06-28T00:00:00,Conekta,1,STATUS_MISMATCH ,
D00130,TXN-1130,5669.3,,PENDING,,CRYPTO,2026-05-21T02:19:00,Stripe,1,MISSING_IN_PSP,
D00131,TXN-1131,521.03,,PENDING,,CRYPTO,2026-05-15T00:00:00,InternalWallet,1,MISSING_IN_PSP,
D00132,TXN-1132,699.44,699.44,FAILED,PENDING,CARD,2026-05-28T00:00:00,Bitso,1,STATUS_MISMATCH ,Es posible que el STATUS interno este pediente de actualizar
D00133,TXN-1133,0,0,UNKNOWN,PENDING,OXXO,2026-04-20T00:00:00,Stripe,1,STATUS_MISMATCH ,Es posible que el STATUS interno este pediente de actualizar
D00134,TXN-1134,0,,PENDING,,CRYPTO,2026-04-24T00:00:00,Bitso,1,MISSING_IN_PSP,
D00135,TXN-1135,5042.21,,FAILED,,OXXO,2026-04-11T00:00:00,Conekta,1,MISSING_IN_PSP,
D00136,TXN-1136,94.44,94.44,FAILED,PENDING,UNKNOWN,2026-04-22T00:00:00,InternalWallet,1,STATUS_MISMATCH ,Es posible que el STATUS interno este pediente de actualizar
D00137,TXN-1137,1120.67,1120.67,SUCCESSFUL,FAILED,WALLET,2026-05-21T00:00:00,OxxoPSP,1,STATUS_MISMATCH ,
D00138,TXN-1138,1424.53,1424.53,FAILED,SUCCESSFUL,CARD,2026-04-23T00:00:00,InternalWallet,1,STATUS_MISMATCH ,Es posible que el STATUS interno este pediente de actualizar
D00139,TXN-1139,59.06,59.06,UNKNOWN,FAILED,UNKNOWN,2026-04-26T00:00:00,Conekta,1,STATUS_MISMATCH ,Es posible que el STATUS interno este pediente de actualizar
D00140,TXN-1140,269.04,269.04,PENDING,SUCCESSFUL,UNKNOWN,2026-05-23T00:00:00,InternalWallet,1,STATUS_MISMATCH ,
D00141,TXN-1141,813.97,813.97,SUCCESSFUL,SUCCESSFUL,CARD,2026-06-01T00:00:00,OxxoPSP,1,OK,
D00142,TXN-1142,949.38,,SUCCESSFUL,,CARD,2026-06-18T00:00:00,Bitso,1,MISSING_IN_PSP,
D00143,TXN-1143,1139.58,1139.58,SUCCESSFUL,FAILED,WALLET,2026-06-06T00:00:00,OxxoPSP,1,STATUS_MISMATCH ,
D00144,TXN-1144,462.38,462.38,UNKNOWN,SUCCESSFUL,SPEI,2026-05-24T00:00:00,OxxoPSP,1,STATUS_MISMATCH ,Es posible que el STATUS interno este pediente de actualizar
D00145,TXN-1145,0,0,SUCCESSFUL,SUCCESSFUL,CARD,2026-06-29T14:20:00,Bitso,1,OK,
D00146,TXN-1146,223.82,223.82,PENDING,FAILED,OXXO,2026-06-10T00:00:00,InternalWallet,1,STATUS_MISMATCH ,
D00147,TXN-1147,330.28,330.28,SUCCESSFUL,FAILED,OXXO,2026-05-25T12:00:00,OxxoPSP,1,STATUS_MISMATCH ,
D00148,TXN-1148,2372.73,2372.73,PENDING,PENDING,CARD,2026-05-29T03:16:00,OxxoPSP,1,OK,
D00149,TXN-1149,5180.34,,FAILED,,CARD,2026-05-29T00:00:00,Bitso,1,MISSING_IN_PSP,
D00150,TXN-1150,4767.42,4767.42,SUCCESSFUL,SUCCESSFUL,WALLET,2026-04-19T16:24:00,OxxoPSP,1,OK,
D00151,TXN-1151,590.37,590.37,UNKNOWN,SUCCESSFUL,SPEI,2026-04-24T00:00:00,InternalWallet,1,STATUS_MISMATCH ,Es posible que el STATUS interno este pediente de actualizar
D00152,TXN-1152,55.92,,FAILED,,OXXO,2026-05-27T15:10:00,Stripe,1,MISSING_IN_PSP,
D00153,TXN-1153,2008.64,2008.64,PENDING,SUCCESSFUL,SPEI,2026-05-29T18:47:00,OxxoPSP,1,STATUS_MISMATCH ,
D00154,TXN-1154,0,0,SUCCESSFUL,SUCCESSFUL,SPEI,2026-05-25T00:00:00,Stripe,1,OK,
D00155,TXN-1155,693.11,693.11,SUCCESSFUL,SUCCESSFUL,SPEI,2026-06-15T22:22:00,Conekta,1,OK,
D00156,TXN-1156,308.73,308.73,SUCCESSFUL,PENDING,CRYPTO,2026-06-08T00:00:00,Bitso,1,STATUS_MISMATCH ,
D00157,TXN-1157,162.68,162.68,UNKNOWN,FAILED,WALLET,2026-04-17T00:00:00,InternalWallet,1,STATUS_MISMATCH ,Es posible que el STATUS interno este pediente de actualizar
D00158,TXN-1158,96.11,,UNKNOWN,,UNKNOWN,2026-06-20T00:00:00,Stripe,1,MISSING_IN_PSP,
D00159,TXN-1159,570.02,570.02,PENDING,FAILED,CARD,2026-04-12T00:00:00,Conekta,1,STATUS_MISMATCH ,
D00160,TXN-1160,1338.39,,SUCCESSFUL,,OXXO,2026-05-07T10:35:00,Bitso,1,MISSING_IN_PSP,
D00161,TXN-1161,704.74,704.74,SUCCESSFUL,FAILED,OXXO,2026-04-21T00:00:00,Stripe,1,STATUS_MISMATCH ,
D00162,TXN-1162,123.11,123.11,PENDING,FAILED,UNKNOWN,2026-05-03T02:23:00,Conekta,1,STATUS_MISMATCH ,
D00163,TXN-1163,964.46,,SUCCESSFUL,,OXXO,2026-04-10T00:00:00,InternalWallet,1,MISSING_IN_PSP,
D00164,TXN-1164,142.96,142.96,SUCCESSFUL,FAILED,OXXO,2026-04-14T03:20:00,Conekta,1,STATUS_MISMATCH ,
D00165,TXN-1165,175.19,,SUCCESSFUL,,CARD,2026-04-22T00:00:00,Conekta,1,MISSING_IN_PSP,
D00166,TXN-1166,0,0,FAILED,FAILED,CRYPTO,2026-05-20T11:27:00,OxxoPSP,1,OK,
D00167,TXN-1167,55.68,,PENDING,,SPEI,2026-06-17T00:00:00,InternalWallet,1,MISSING_IN_PSP,
D00168,TXN-1168,426.4,426.4,PENDING,SUCCESSFUL,CRYPTO,2026-04-10T16:56:00,InternalWallet,1,STATUS_MISMATCH ,
D00169,TXN-1169,265.89,265.89,FAILED,SUCCESSFUL,CARD,2026-04-10T00:37:00,OxxoPSP,1,STATUS_MISMATCH ,Es posible que el STATUS interno este pediente de actualizar
D00170,TXN-1170,2030.12,2030.12,SUCCESSFUL,PENDING,OXXO,2026-05-25T22:25:00,Stripe,1,STATUS_MISMATCH ,
D00171,TXN-1171,92.41,92.41,FAILED,SUCCESSFUL,SPEI,2026-04-20T00:00:00,Bitso,1,STATUS_MISMATCH ,Es posible que el STATUS interno este pediente de actualizar
D00172,TXN-1172,127.17,,SUCCESSFUL,,UNKNOWN,2026-06-17T00:00:00,Bitso,1,MISSING_IN_PSP,
D00173,TXN-1173,0,0,PENDING,PENDING,OXXO,2026-05-04T00:00:00,Stripe,1,OK,
D00174,TXN-1174,411.09,,SUCCESSFUL,,OXXO,2026-06-13T00:00:00,Stripe,1,MISSING_IN_PSP,
D00175,TXN-1175,44.89,44.89,SUCCESSFUL,SUCCESSFUL,CARD,2026-04-15T00:00:00,Conekta,1,OK,
D00176,TXN-1176,0,0,SUCCESSFUL,SUCCESSFUL,WALLET,2026-05-02T00:00:00,Bitso,1,OK,
D00177,TXN-1177,417.28,,FAILED,,CARD,2026-04-09T14:55:00,Conekta,1,MISSING_IN_PSP,
D00178,TXN-1178,172.05,,PENDING,,OXXO,2026-06-15T15:49:00,Conekta,1,MISSING_IN_PSP,
D00179,TXN-1179,88.21,88.21,SUCCESSFUL,FAILED,CARD,2026-04-01T00:00:00,InternalWallet,1,STATUS_MISMATCH ,
D00180,TXN-1180,0,,SUCCESSFUL,,OXXO,2026-04-30T16:26:00,OxxoPSP,1,MISSING_IN_PSP,
D00181,TXN-1181,271.32,,PENDING,,CARD,2026-04-08T00:00:00,Stripe,1,MISSING_IN_PSP,
D00182,TXN-1182,126.34,,SUCCESSFUL,,CARD,2026-04-26T04:49:00,InternalWallet,1,MISSING_IN_PSP,
D00183,TXN-1183,168.46,,SUCCESSFUL,,UNKNOWN,2026-05-30T00:00:00,OxxoPSP,1,MISSING_IN_PSP,
D00184,TXN-1184,271.22,,UNKNOWN,,OXXO,2026-05-02T11:25:00,InternalWallet,1,MISSING_IN_PSP,
D00185,TXN-1185,41.23,,FAILED,,SPEI,2026-05-30T00:00:00,Conekta,1,MISSING_IN_PSP,
D00186,TXN-1186,0,0,SUCCESSFUL,PENDING,CARD,2026-05-04T00:00:00,Bitso,1,STATUS_MISMATCH ,
D00187,TXN-1187,695.3,695.3,FAILED,SUCCESSFUL,OXXO,2026-05-26T00:00:00,Stripe,1,STATUS_MISMATCH ,Es posible que el STATUS interno este pediente de actualizar
D00188,TXN-1188,0,,PENDING,,CARD,2026-06-18T00:00:00,Conekta,1,MISSING_IN_PSP,
D00189,TXN-1189,1221.37,1221.37,PENDING,PENDING,CRYPTO,2026-06-09T00:00:00,OxxoPSP,1,OK,
D00190,TXN-1190,56.17,,FAILED,,CARD,2026-06-16T00:00:00,OxxoPSP,1,MISSING_IN_PSP,
D00191,TXN-1191,206.06,,SUCCESSFUL,,CARD,2026-05-05T00:00:00,Stripe,1,MISSING_IN_PSP,
D00192,TXN-1192,589.51,589.51,UNKNOWN,SUCCESSFUL,CRYPTO,2026-06-29T11:58:00,Conekta,1,STATUS_MISMATCH ,Es posible que el STATUS interno este pediente de actualizar
D00193,TXN-1193,1982.39,,SUCCESSFUL,,CRYPTO,2026-04-12T00:00:00,Conekta,1,MISSING_IN_PSP,
D00194,TXN-1194,166.46,166.46,PENDING,FAILED,CARD,2026-05-12T01:01:00,Bitso,1,STATUS_MISMATCH ,
D00195,TXN-1195,163.94,163.94,PENDING,SUCCESSFUL,WALLET,2026-05-14T00:00:00,InternalWallet,1,STATUS_MISMATCH ,
D00196,TXN-1196,738.18,738.18,SUCCESSFUL,SUCCESSFUL,OXXO,2026-06-18T11:14:00,Conekta,1,OK,
D00197,TXN-1197,0,0,PENDING,FAILED,CARD,2026-06-12T01:11:00,Conekta,1,STATUS_MISMATCH ,
D00198,TXN-1198,489.33,,PENDING,,SPEI,2026-05-11T00:00:00,Bitso,1,MISSING_IN_PSP,
D00199,TXN-1199,1383.25,,UNKNOWN,,CARD,2026-05-27T23:26:00,Bitso,1,MISSING_IN_PSP,
D00200,TXN-1200,0,0,SUCCESSFUL,PENDING,OXXO,2026-04-10T01:18:00,InternalWallet,1,STATUS_MISMATCH ,
D00201,TXN-1201,48.63,,SUCCESSFUL,,CRYPTO,2026-04-12T00:00:00,InternalWallet,1,MISSING_IN_PSP,
D00202,TXN-1202,319.27,99,PENDING,PENDING,OXXO,2026-04-25T13:44:00,Bitso,1,AMOUNT_MISMATCH ,Error de captura en psp
D00203,TXN-1203,0,0,FAILED,FAILED,SPEI,2026-05-17T00:00:00,Conekta,1,OK,
D00204,TXN-1204,250.94,0,PENDING,FAILED,OXXO,2026-05-10T00:00:00,Stripe,1,AMOUNT_MISMATCH ,"STATUS y AMOUNT no corresponde, Es posible que el STATUS este pendiente de actualizar, pero el monto se tiene que revisar"
D00205,TXN-1205,4123.28,4123.28,SUCCESSFUL,FAILED,WALLET,2026-05-27T00:00:00,Bitso,0,STATUS_MISMATCH ,
D00206,TXN-1206,901.89,,FAILED,,CRYPTO,2026-06-15T00:00:00,InternalWallet,1,MISSING_IN_PSP,
D00207,TXN-1207,4294.9,,SUCCESSFUL,,CARD,2026-04-05T00:00:00,Conekta,1,MISSING_IN_PSP,
D00208,TXN-1208,170.05,170.05,SUCCESSFUL,FAILED,UNKNOWN,2026-04-11T00:00:00,Bitso,1,STATUS_MISMATCH ,
D00209,TXN-1209,5175.15,5175.15,SUCCESSFUL,FAILED,OXXO,2026-05-06T00:00:00,InternalWallet,1,STATUS_MISMATCH ,
D00210,TXN-1210,2304.11,,UNKNOWN,,SPEI,2026-04-13T03:36:00,InternalWallet,1,MISSING_IN_PSP,
D00211,TXN-1211,652.41,652.41,SUCCESSFUL,SUCCESSFUL,CARD,2026-05-06T12:09:00,Conekta,1,OK,
D00212,TXN-1212,341.14,341.14,FAILED,FAILED,WALLET,2026-04-03T00:00:00,Bitso,1,OK,
D00213,TXN-1213,87.52,,PENDING,,CARD,2026-05-12T00:00:00,InternalWallet,1,MISSING_IN_PSP,
D00214,TXN-1214,0,0,SUCCESSFUL,FAILED,SPEI,2026-06-30T00:00:00,Conekta,1,STATUS_MISMATCH ,
D00215,TXN-1215,1917.55,,FAILED,,WALLET,2026-05-17T00:00:00,Bitso,1,MISSING_IN_PSP,
D00216,TXN-1216,329.88,,PENDING,,SPEI,2026-05-31T00:00:00,Bitso,1,MISSING_IN_PSP,
D00217,TXN-1217,318.19,,UNKNOWN,,WALLET,2026-04-28T00:00:00,Bitso,1,MISSING_IN_PSP,
D00218,TXN-1218,290.86,290.86,FAILED,FAILED,CARD,2026-04-02T00:00:00,InternalWallet,1,OK,
D00219,TXN-1219,2399.54,2399.54,FAILED,FAILED,CARD,2026-06-19T00:00:00,OxxoPSP,1,OK,
D00220,TXN-1220,318.73,,FAILED,,WALLET,2026-05-14T00:00:00,Stripe,1,MISSING_IN_PSP,
D00221,TXN-1221,53.11,53.11,PENDING,SUCCESSFUL,SPEI,2026-06-16T00:00:00,InternalWallet,1,STATUS_MISMATCH ,
D00222,TXN-1222,2110.65,2110.65,FAILED,PENDING,WALLET,2026-06-13T00:00:00,Stripe,1,STATUS_MISMATCH ,Es posible que el STATUS interno este pediente de actualizar
D00223,TXN-1223,176.82,176.82,FAILED,SUCCESSFUL,WALLET,2026-04-13T00:00:00,Bitso,1,STATUS_MISMATCH ,Es posible que el STATUS interno este pediente de actualizar
D00224,TXN-1224,98.82,98.82,SUCCESSFUL,FAILED,CRYPTO,2026-05-13T00:00:00,OxxoPSP,1,STATUS_MISMATCH ,
D00225,TXN-1225,128.24,,UNKNOWN,,CARD,2026-06-27T00:00:00,OxxoPSP,1,MISSING_IN_PSP,
D00226,TXN-1226,40.09,40.09,SUCCESSFUL,SUCCESSFUL,OXXO,2026-06-02T00:00:00,OxxoPSP,1,OK,
D00227,TXN-1227,641.49,199,SUCCESSFUL,SUCCESSFUL,UNKNOWN,2026-06-21T00:00:00,Stripe,1,AMOUNT_MISMATCH ,Error de captura en psp
D00228,TXN-1228,255.47,255.47,SUCCESSFUL,SUCCESSFUL,CRYPTO,2026-06-20T00:00:00,Stripe,1,OK,
D00229,TXN-1229,924.15,924.15,PENDING,SUCCESSFUL,CARD,2026-05-29T00:00:00,InternalWallet,1,STATUS_MISMATCH ,
D00230,TXN-1230,1735.19,1735.19,PENDING,FAILED,WALLET,2026-04-17T06:46:00,Bitso,1,STATUS_MISMATCH ,
D00231,TXN-1231,0,,PENDING,,UNKNOWN,2026-06-19T00:00:00,Bitso,1,MISSING_IN_PSP,
D00232,TXN-1232,46.02,46.02,FAILED,FAILED,WALLET,2026-05-31T22:09:00,OxxoPSP,1,OK,
D00233,TXN-1233,111.39,111.39,FAILED,FAILED,CRYPTO,2026-04-14T16:46:00,Conekta,1,OK,
D00234,TXN-1234,0,0,SUCCESSFUL,PENDING,WALLET,2026-05-08T05:02:00,Bitso,1,STATUS_MISMATCH ,
D00235,TXN-1235,317.32,,UNKNOWN,,SPEI,2026-04-12T00:00:00,Stripe,1,MISSING_IN_PSP,
D00236,TXN-1236,83.8,,SUCCESSFUL,,OXXO,2026-05-08T11:51:00,Bitso,1,MISSING_IN_PSP,
D00237,TXN-1237,562.99,562.99,UNKNOWN,SUCCESSFUL,CARD,2026-05-27T00:00:00,InternalWallet,1,STATUS_MISMATCH ,Es posible que el STATUS interno este pediente de actualizar
D00238,TXN-1238,59.63,59.63,UNKNOWN,SUCCESSFUL,OXXO,2026-06-23T05:07:00,InternalWallet,1,STATUS_MISMATCH ,Es posible que el STATUS interno este pediente de actualizar
D00239,TXN-1239,148.98,148.98,SUCCESSFUL,PENDING,CARD,2026-05-19T00:00:00,InternalWallet,1,STATUS_MISMATCH ,
D00240,TXN-1240,4447.97,4447.97,SUCCESSFUL,SUCCESSFUL,CARD,2026-04-02T00:00:00,OxxoPSP,1,OK,
D00241,TXN-1241,4109.13,4109.13,UNKNOWN,PENDING,OXXO,2026-06-24T00:00:00,OxxoPSP,1,STATUS_MISMATCH ,Es posible que el STATUS interno este pediente de actualizar
D00242,TXN-1242,1778.17,,SUCCESSFUL,,CARD,2026-05-12T00:00:00,Conekta,1,MISSING_IN_PSP,
D00243,TXN-1243,0,,SUCCESSFUL,,CARD,2026-06-03T14:20:00,InternalWallet,1,MISSING_IN_PSP,
D00244,TXN-1244,1765.48,1765.48,SUCCESSFUL,PENDING,CARD,2026-06-17T00:00:00,Stripe,1,STATUS_MISMATCH ,
D00245,TXN-1245,1014.73,1014.73,PENDING,FAILED,SPEI,2026-06-19T00:00:00,Bitso,1,STATUS_MISMATCH ,
D00246,TXN-1246,149.55,149.55,SUCCESSFUL,SUCCESSFUL,UNKNOWN,2026-05-18T00:00:00,InternalWallet,1,OK,
D00247,TXN-1247,421.55,,SUCCESSFUL,,WALLET,2026-05-21T00:00:00,OxxoPSP,1,MISSING_IN_PSP,
D00248,TXN-1248,908.42,908.42,SUCCESSFUL,SUCCESSFUL,CRYPTO,2026-06-03T00:33:00,Conekta,1,OK,
D00249,TXN-1249,953.44,953.44,PENDING,SUCCESSFUL,SPEI,2026-06-16T00:00:00,Stripe,1,STATUS_MISMATCH ,
D00250,TXN-1250,341.17,341.17,FAILED,SUCCESSFUL,CARD,2026-04-18T00:00:00,OxxoPSP,1,STATUS_MISMATCH ,Es posible que el STATUS interno este pediente de actualizar
D00251,TXN-1251,2033.99,2033.99,PENDING,FAILED,UNKNOWN,2026-06-26T04:45:00,Bitso,1,STATUS_MISMATCH ,
D00252,TXN-1252,345.3,345.3,SUCCESSFUL,SUCCESSFUL,OXXO,2026-06-25T00:00:00,OxxoPSP,1,OK,
D00253,TXN-1253,322.01,322.01,FAILED,FAILED,OXXO,2026-04-08T06:17:00,Stripe,1,OK,
D00254,TXN-1254,219.39,219.39,FAILED,SUCCESSFUL,SPEI,2026-04-14T19:55:00,OxxoPSP,1,STATUS_MISMATCH ,Es posible que el STATUS interno este pediente de actualizar
D00255,TXN-1255,1643.04,,UNKNOWN,,SPEI,2026-05-20T00:00:00,OxxoPSP,1,MISSING_IN_PSP,
D00256,TXN-1256,293.86,,SUCCESSFUL,,OXXO,2026-06-09T23:38:00,Conekta,1,MISSING_IN_PSP,
D00257,TXN-1257,0,0,SUCCESSFUL,PENDING,CARD,2026-05-25T00:00:00,Conekta,1,STATUS_MISMATCH ,
D00258,TXN-1258,0,0,FAILED,SUCCESSFUL,UNKNOWN,2026-06-20T00:00:00,Stripe,1,STATUS_MISMATCH ,Es posible que el STATUS interno este pediente de actualizar
D00259,TXN-1259,444.24,,PENDING,,CARD,2026-04-21T00:00:00,Stripe,1,MISSING_IN_PSP,
D00260,TXN-1260,489.13,489.13,FAILED,PENDING,CRYPTO,2026-06-11T00:00:00,OxxoPSP,1,STATUS_MISMATCH ,Es posible que el STATUS interno este pediente de actualizar
D00261,TXN-1261,58.23,,UNKNOWN,,CARD,2026-04-15T00:00:00,OxxoPSP,1,MISSING_IN_PSP,
D00262,TXN-1262,86.7,,SUCCESSFUL,,CRYPTO,2026-04-25T10:32:00,OxxoPSP,1,MISSING_IN_PSP,
D00263,TXN-1263,203.02,,SUCCESSFUL,,UNKNOWN,2026-06-20T06:55:00,InternalWallet,1,MISSING_IN_PSP,
D00264,TXN-1264,167.65,167.65,FAILED,FAILED,CRYPTO,2026-05-13T00:00:00,Conekta,1,OK,
D00265,TXN-1265,101.39,,SUCCESSFUL,,CRYPTO,2026-05-22T13:20:00,Bitso,1,MISSING_IN_PSP,
D00266,TXN-1266,4173.01,,PENDING,,CARD,2026-06-04T03:18:00,InternalWallet,1,MISSING_IN_PSP,
D00267,TXN-1267,355.22,,SUCCESSFUL,,WALLET,2026-04-29T04:47:00,Stripe,1,MISSING_IN_PSP,
D00268,TXN-1268,92.19,92.19,FAILED,PENDING,UNKNOWN,2026-04-01T00:00:00,Stripe,1,STATUS_MISMATCH ,Es posible que el STATUS interno este pediente de actualizar
D00269,TXN-1269,87.25,,UNKNOWN,,OXXO,2026-04-24T07:39:00,OxxoPSP,1,MISSING_IN_PSP,
D00270,TXN-1270,1416.74,1416.74,SUCCESSFUL,FAILED,WALLET,2026-04-09T00:00:00,Conekta,1,STATUS_MISMATCH ,
D00271,TXN-1271,323.21,323.21,PENDING,FAILED,CRYPTO,2026-05-11T00:00:00,Stripe,1,STATUS_MISMATCH ,
D00272,TXN-1272,426.86,,UNKNOWN,,CARD,2026-04-29T00:00:00,InternalWallet,1,MISSING_IN_PSP,
D00273,TXN-1273,343.05,,FAILED,,CRYPTO,2026-04-23T20:38:00,Conekta,1,MISSING_IN_PSP,
D00274,TXN-1274,5157.8,5157.8,FAILED,FAILED,SPEI,2026-04-03T16:40:00,Bitso,1,OK,
D00275,TXN-1275,256.07,256.07,PENDING,SUCCESSFUL,OXXO,2026-04-20T11:25:00,InternalWallet,1,STATUS_MISMATCH ,
D00276,TXN-1276,1036.43,1036.43,UNKNOWN,FAILED,CRYPTO,2026-06-18T00:00:00,Conekta,1,STATUS_MISMATCH ,Es posible que el STATUS interno este pediente de actualizar
D00277,TXN-1277,201.43,,UNKNOWN,,CARD,2026-04-30T00:00:00,InternalWallet,1,MISSING_IN_PSP,
D00278,TXN-1278,5088.7,199,PENDING,SUCCESSFUL,WALLET,2026-06-06T20:53:00,InternalWallet,1,AMOUNT_MISMATCH ,"STATUS y AMOUNT no corresponde, Es posible que el STATUS este pendiente de actualizar, pero el monto se tiene que revisar"
D00279,TXN-1279,1340.48,,SUCCESSFUL,,OXXO,2026-05-19T00:00:00,OxxoPSP,1,MISSING_IN_PSP,
D00280,TXN-1280,520.4,,PENDING,,WALLET,2026-06-22T00:00:00,Conekta,1,MISSING_IN_PSP,
D00281,TXN-1281,0,,SUCCESSFUL,,CRYPTO,2026-06-01T00:00:00,OxxoPSP,1,MISSING_IN_PSP,
D00282,TXN-1282,2366.59,2366.59,FAILED,SUCCESSFUL,CRYPTO,2026-06-13T00:00:00,Bitso,1,STATUS_MISMATCH ,Es posible que el STATUS interno este pediente de actualizar
D00283,TXN-1283,4285.42,4285.42,FAILED,SUCCESSFUL,OXXO,2026-05-31T00:00:00,OxxoPSP,1,STATUS_MISMATCH ,Es posible que el STATUS interno este pediente de actualizar
D00284,TXN-1284,126.51,126.51,SUCCESSFUL,SUCCESSFUL,CRYPTO,2026-06-16T18:04:00,InternalWallet,1,OK,
D00285,TXN-1285,0,0,SUCCESSFUL,SUCCESSFUL,WALLET,2026-06-18T19:02:00,Conekta,1,OK,
D00286,TXN-1286,1338.99,,SUCCESSFUL,,CRYPTO,2026-05-18T00:00:00,OxxoPSP,1,MISSING_IN_PSP,
D00287,TXN-1287,0,0,SUCCESSFUL,FAILED,UNKNOWN,2026-04-30T02:18:00,Bitso,1,STATUS_MISMATCH ,
D00288,TXN-1288,848.5,848.5,PENDING,FAILED,CRYPTO,2026-06-28T10:26:00,InternalWallet,1,STATUS_MISMATCH ,
D00289,TXN-1289,511.82,511.82,PENDING,SUCCESSFUL,SPEI,2026-05-23T17:50:00,OxxoPSP,1,STATUS_MISMATCH ,
D00290,TXN-1290,126.02,126.02,SUCCESSFUL,FAILED,CARD,2026-06-24T00:00:00,OxxoPSP,1,STATUS_MISMATCH ,
D00291,TXN-1291,90.52,90.52,PENDING,SUCCESSFUL,CRYPTO,2026-04-19T00:00:00,Bitso,1,STATUS_MISMATCH ,
D00292,TXN-1292,1170.71,1170.71,FAILED,SUCCESSFUL,WALLET,2026-06-16T00:00:00,OxxoPSP,1,STATUS_MISMATCH ,Es posible que el STATUS interno este pediente de actualizar
D00293,TXN-1293,212.4,212.4,PENDING,SUCCESSFUL,OXXO,2026-04-30T00:00:00,Stripe,1,STATUS_MISMATCH ,
D00294,TXN-1294,101.98,199,PENDING,FAILED,CRYPTO,2026-04-26T00:00:00,OxxoPSP,1,AMOUNT_MISMATCH ,"STATUS y AMOUNT no corresponde, Es posible que el STATUS este pendiente de actualizar, pero el monto se tiene que revisar"
D00295,TXN-1295,261,261,FAILED,PENDING,CRYPTO,2026-04-25T00:00:00,Bitso,1,STATUS_MISMATCH ,Es posible que el STATUS interno este pediente de actualizar
D00296,TXN-1296,4967.26,99,UNKNOWN,FAILED,CARD,2026-06-08T18:16:00,InternalWallet,1,AMOUNT_MISMATCH ,"STATUS y AMOUNT no corresponde, Es posible que el STATUS este pendiente de actualizar, pero el monto se tiene que revisar"
D00297,TXN-1297,224.01,,SUCCESSFUL,,CARD,2026-04-09T12:40:00,OxxoPSP,1,MISSING_IN_PSP,
D00298,TXN-1298,2345.12,2345.12,FAILED,SUCCESSFUL,CARD,2026-05-22T00:00:00,Conekta,1,STATUS_MISMATCH ,Es posible que el STATUS interno este pediente de actualizar
D00299,TXN-1299,178.34,178.34,SUCCESSFUL,FAILED,CRYPTO,2026-04-26T00:00:00,Stripe,1,STATUS_MISMATCH ,
D00300,TXN-1300,2366.39,2366.39,PENDING,FAILED,CARD,2026-06-24T00:00:00,OxxoPSP,1,STATUS_MISMATCH ,
D00301,TXN-1301,711.07,711.07,PENDING,FAILED,OXXO,2026-06-02T00:00:00,OxxoPSP,1,STATUS_MISMATCH ,
D00302,TXN-1302,1968.06,1968.06,PENDING,PENDING,OXXO,2026-05-21T21:49:00,Conekta,1,OK,
D00303,TXN-1303,1420.09,1420.09,PENDING,SUCCESSFUL,OXXO,2026-05-04T00:00:00,InternalWallet,1,STATUS_MISMATCH ,
D00304,TXN-1304,5372.02,5372.02,FAILED,PENDING,UNKNOWN,2026-05-22T08:28:00,Stripe,1,STATUS_MISMATCH ,Es posible que el STATUS interno este pediente de actualizar
D00305,TXN-1305,799.87,799.87,PENDING,FAILED,WALLET,2026-04-20T00:00:00,OxxoPSP,1,STATUS_MISMATCH ,
D00306,TXN-1306,123.6,,UNKNOWN,,CARD,2026-06-12T01:25:00,Bitso,1,MISSING_IN_PSP,
D00307,TXN-1307,403.97,403.97,FAILED,FAILED,WALLET,2026-05-17T17:35:00,OxxoPSP,1,OK,
D00308,TXN-1308,1387.02,1387.02,SUCCESSFUL,SUCCESSFUL,SPEI,2026-05-07T00:00:00,InternalWallet,1,OK,
D00309,TXN-1309,86.48,86.48,FAILED,SUCCESSFUL,CARD,2026-06-18T18:25:00,Stripe,1,STATUS_MISMATCH ,Es posible que el STATUS interno este pediente de actualizar
D00310,TXN-1310,693.54,,FAILED,,OXXO,2026-05-27T11:47:00,Conekta,1,MISSING_IN_PSP,
D00311,TXN-1311,0,0,SUCCESSFUL,SUCCESSFUL,CARD,2026-05-21T00:00:00,OxxoPSP,1,OK,
D00312,TXN-1312,179.79,179.79,SUCCESSFUL,SUCCESSFUL,WALLET,2026-04-11T20:59:00,Conekta,1,OK,
D00313,TXN-1313,305.83,305.83,SUCCESSFUL,SUCCESSFUL,UNKNOWN,2026-05-16T10:55:00,OxxoPSP,1,OK,
D00314,TXN-1314,1847.73,99,SUCCESSFUL,PENDING,CRYPTO,2026-06-21T00:00:00,Conekta,1,STATUS_MISMATCH ,STATUS y AMOUNT no corresponde
D00315,TXN-1315,140.63,999,UNKNOWN,SUCCESSFUL,OXXO,2026-04-20T00:00:00,InternalWallet,1,AMOUNT_MISMATCH ,"STATUS y AMOUNT no corresponde, Es posible que el STATUS este pendiente de actualizar, pero el monto se tiene que revisar"
D00316,TXN-1316,437.71,,FAILED,,CARD,2026-05-08T00:00:00,InternalWallet,1,MISSING_IN_PSP,
D00317,TXN-1317,2211.63,2211.63,FAILED,FAILED,UNKNOWN,2026-04-29T08:05:00,Stripe,1,OK,
D00318,TXN-1318,137.38,,FAILED,,CRYPTO,2026-05-23T06:54:00,InternalWallet,1,MISSING_IN_PSP,
D00319,TXN-1319,178.34,178.34,SUCCESSFUL,FAILED,OXXO,2026-04-03T00:00:00,InternalWallet,1,STATUS_MISMATCH ,
D00320,TXN-1320,492.74,492.74,SUCCESSFUL,PENDING,CARD,2026-05-14T00:00:00,Bitso,1,STATUS_MISMATCH ,
D00321,TXN-1321,905.04,905.04,PENDING,FAILED,UNKNOWN,2026-05-31T00:00:00,Conekta,1,STATUS_MISMATCH ,
D00322,TXN-1322,858.06,,SUCCESSFUL,,CARD,2026-04-13T16:42:00,Conekta,1,MISSING_IN_PSP,
D00323,TXN-1323,237.86,,SUCCESSFUL,,CARD,2026-06-01T00:00:00,Stripe,1,MISSING_IN_PSP,
D00324,TXN-1324,1290.44,1290.44,SUCCESSFUL,FAILED,OXXO,2026-05-02T00:00:00,Conekta,1,STATUS_MISMATCH ,
D00325,TXN-1325,2233.17,,PENDING,,SPEI,2026-06-20T00:00:00,Stripe,1,MISSING_IN_PSP,
D00326,TXN-1326,49.71,49.71,UNKNOWN,SUCCESSFUL,SPEI,2026-05-19T00:00:00,OxxoPSP,1,STATUS_MISMATCH ,Es posible que el STATUS interno este pediente de actualizar
D00327,TXN-1327,1728.27,1728.27,FAILED,SUCCESSFUL,CARD,2026-05-15T10:46:00,Stripe,1,STATUS_MISMATCH ,Es posible que el STATUS interno este pediente de actualizar
D00328,TXN-1328,5713.66,5713.66,SUCCESSFUL,FAILED,SPEI,2026-06-04T12:46:00,Stripe,1,STATUS_MISMATCH ,
D00329,TXN-1329,278.71,499,SUCCESSFUL,FAILED,OXXO,2026-06-27T00:00:00,Bitso,1,STATUS_MISMATCH ,STATUS y AMOUNT no corresponde
D00330,TXN-1330,5283.5,5283.5,FAILED,PENDING,CARD,2026-04-26T00:00:00,OxxoPSP,1,STATUS_MISMATCH ,Es posible que el STATUS interno este pediente de actualizar
D00331,TXN-1331,1405.63,1405.63,PENDING,FAILED,CARD,2026-04-10T00:59:00,Bitso,1,STATUS_MISMATCH ,
D00332,TXN-1332,54.69,54.69,SUCCESSFUL,PENDING,OXXO,2026-06-30T00:00:00,Conekta,1,STATUS_MISMATCH ,
D00333,TXN-1333,153.51,,PENDING,,UNKNOWN,2026-04-25T06:33:00,Bitso,1,MISSING_IN_PSP,
D00334,TXN-1334,152.03,152.03,PENDING,SUCCESSFUL,CARD,2026-04-22T00:00:00,Stripe,1,STATUS_MISMATCH ,
D00335,TXN-1335,885.03,885.03,UNKNOWN,SUCCESSFUL,SPEI,2026-05-12T00:00:00,Stripe,1,STATUS_MISMATCH ,Es posible que el STATUS interno este pediente de actualizar
D00336,TXN-1336,46.01,,FAILED,,CARD,2026-05-07T19:01:00,Bitso,1,MISSING_IN_PSP,
D00337,TXN-1337,431.22,431.22,FAILED,PENDING,CRYPTO,2026-06-13T00:00:00,Conekta,1,STATUS_MISMATCH ,Es posible que el STATUS interno este pediente de actualizar
D00338,TXN-1338,558.58,558.58,SUCCESSFUL,PENDING,UNKNOWN,2026-05-22T18:58:00,OxxoPSP,1,STATUS_MISMATCH ,
D00339,TXN-1339,575.96,575.96,SUCCESSFUL,FAILED,OXXO,2026-06-13T12:05:00,Conekta,1,STATUS_MISMATCH ,
D00340,TXN-1340,500.48,,UNKNOWN,,OXXO,2026-06-07T01:20:00,InternalWallet,1,MISSING_IN_PSP,
D00341,TXN-1341,416.51,416.51,PENDING,FAILED,OXXO,2026-05-26T00:00:00,OxxoPSP,1,STATUS_MISMATCH ,
D00342,TXN-1342,1758.49,1758.49,FAILED,SUCCESSFUL,CRYPTO,2026-06-29T00:00:00,Conekta,1,STATUS_MISMATCH ,Es posible que el STATUS interno este pediente de actualizar
D00343,TXN-1343,106.87,106.87,PENDING,SUCCESSFUL,CARD,2026-05-26T00:00:00,Conekta,1,STATUS_MISMATCH ,
D00344,TXN-1344,0,0,PENDING,FAILED,SPEI,2026-04-22T00:00:00,Conekta,1,STATUS_MISMATCH ,
D00345,TXN-1345,46.87,46.87,UNKNOWN,SUCCESSFUL,SPEI,2026-04-07T00:00:00,InternalWallet,1,STATUS_MISMATCH ,Es posible que el STATUS interno este pediente de actualizar
D00346,TXN-1346,1986.42,1986.42,PENDING,PENDING,OXXO,2026-04-28T06:34:00,Bitso,1,OK,
D00347,TXN-1347,4542.56,4542.56,PENDING,SUCCESSFUL,OXXO,2026-04-22T01:18:00,Bitso,1,STATUS_MISMATCH ,
D00348,TXN-1348,238.38,238.38,PENDING,FAILED,UNKNOWN,2026-04-03T00:00:00,Bitso,1,STATUS_MISMATCH ,
D00349,TXN-1349,44.95,44.95,PENDING,SUCCESSFUL,CARD,2026-04-26T16:29:00,InternalWallet,1,STATUS_MISMATCH ,
D00350,TXN-1350,337.43,337.43,FAILED,SUCCESSFUL,CARD,2026-05-16T00:00:00,Bitso,1,STATUS_MISMATCH ,Es posible que el STATUS interno este pediente de actualizar
DUP020,TXN-1021,133.93,133.93,SUCCESSFUL,FAILED,CARD,2026-05-19T00:00:00,Stripe,2,STATUS_MISMATCH ,"Se intento dos veces el pago la primera falló y la segunda lo rechazó, revisar estatus interno"
DUP040,TXN-1041,5227.15,5227.15,FAILED,FAILED,OXXO,2026-05-06T00:00:00,OxxoPSP,0,OK,Falló primer intento de deposito en OXXO
DUP060,TXN-1061,250.07,250.07,SUCCESSFUL,FAILED,CARD,2026-06-10T00:00:00,OxxoPSP,1,STATUS_MISMATCH ,"Se intentó dos veces el pago y falló las dos veces, revisar estatus interno"
MISSING,PSP-ONLY-001,,300,,FAILED,SPEI,2026-06-17T00:00:00,Conekta,1,MISSING_INTERNAL,
MISSING,PSP-ONLY-002,,500,,PENDING,CRYPTO,2026-05-20T00:00:00,InternalWallet,1,MISSING_INTERNAL,
MISSING,PSP-ONLY-003,,100,,SUCCESSFUL,CARD,2026-05-02T00:00:00,Stripe,1,MISSING_INTERNAL,
MISSING,PSP-ONLY-004,,300,,FAILED,SPEI,2026-05-22T00:00:00,Bitso,1,MISSING_INTERNAL,
MISSING,PSP-ONLY-005,,0,,FAILED,WALLET,2026-06-30T00:00:00,OxxoPSP,1,MISSING_INTERNAL,
MISSING,PSP-ONLY-006,,100,,SUCCESSFUL,WALLET,2026-06-23T00:00:00,Stripe,1,MISSING_INTERNAL,
MISSING,PSP-ONLY-007,,1000,,PENDING,SPEI,2026-05-07T00:00:00,Stripe,1,MISSING_INTERNAL,
MISSING,PSP-ONLY-008,,300,,SUCCESSFUL,SPEI,2026-06-20T00:00:00,InternalWallet,1,MISSING_INTERNAL,
MISSING,PSP-ONLY-009,,1000,,SUCCESSFUL,CARD,2026-04-04T00:00:00,InternalWallet,1,MISSING_INTERNAL,
MISSING,PSP-ONLY-010,,100,,FAILED,CRYPTO,2026-05-20T00:00:00,Stripe,1,MISSING_INTERNAL,
MISSING,PSP-ONLY-011,,1000,,FAILED,WALLET,2026-06-29T00:00:00,Bitso,1,MISSING_INTERNAL,
MISSING,PSP-ONLY-012,,100,,SUCCESSFUL,SPEI,2026-06-15T00:00:00,OxxoPSP,1,MISSING_INTERNAL,
MISSING,PSP-ONLY-013,,300,,PENDING,OXXO,2026-06-08T00:00:00,Bitso,1,MISSING_INTERNAL,
MISSING,PSP-ONLY-014,,100,,FAILED,SPEI,2026-05-16T00:00:00,OxxoPSP,1,MISSING_INTERNAL,
MISSING,PSP-ONLY-015,,100,,PENDING,CARD,2026-07-04T00:00:00,OxxoPSP,1,MISSING_INTERNAL,
